{"cameraMode":{"drawMode":0,"name":"Shaded","section":"Shading Mode"},"sceneLighting":false,"audioPlay":false,"sceneViewState":{"m_AlwaysRefresh":false,"showFog":true,"showSkybox":true,"showFlares":true,"showImageEffects":true,"showParticleSystems":true,"showVisualEffectGraphs":true,"m_FxEnabled":false},"in2DMode":false,"pivot":{"x":83.67808532714844,"y":347.322509765625,"z":-26.558395385742189},"rotation":{"x":0.05947340279817581,"y":0.12905073165893556,"z":0.007604292128235102,"w":-0.9898825287818909},"size":45.770294189453128,"orthographic":false}